contract_id,vendor_id,category_id,contract_start,contract_end,contract_value,negotiated_savings
C00001,V360,,2023-07-30,2024-12-11,197321.02,38821.77
C00002,v120,CAT02,2023-07-15,2025-04-14,84232.64,64999.19
C00003,V250,CAT10,2023-03-23,2025-07-05,559459.86,98998.99
C00004,V362, CAT03,2023-06-02,2025-03-08,259236.2,63443.6
C00005,v153,CAT08,2023-03-15,2025-10-13,860307.57,69236.65
C00006,V275,CAT07,2023-09-03,2025-12-26,447495.86,47100.71
C00007, V278,CAT10,2023-04-28,2024-09-24,170725.24,93012.4
C00008,V159,CAT02,2023-09-14,2025-08-09,626243.96,44073.62
C00009, V289,CAT09,2023-05-01,2025-03-19,894708.34,23325.24
C00010,V114, CAT03,2023-11-17,2025-12-11,458455.75,66432.59
C00011,V113 ,cat10,2023-07-21,2024-11-08,895875.42,94288.97
C00012,V216,CAT07,2023-04-04,2024-09-22,669169.89,
C00013,V211,CAT09,2023-11-30,2024-11-19,80763.96,
C00014,V305,CAT08,2023-05-12,2025-07-29,877715.25,35528.53
C00015,V393,CAT08 ,2023-01-08,2025-06-18,482147.14,8825.59
C00016,v090,CAT01,2023-11-25,2025-02-18,195202.02,67451.25
C00017,v218,CAT05,2023-04-03,2024-12-13,817627.22,29843.42
C00018,V071, CAT05,2023-02-19,2025-02-26,796031.55,28322.5
C00019, V077,CAT08,2023-08-08,2024-06-08,545392.61,19945.13
C00020, V223, CAT08,2023-11-27,2024-11-29,621300.88,96107.87
C00021,V297,CAT10,2023-07-03,2025-05-25,123027.82,73499.27
C00022, V167,CAT05 ,2023-08-22,2025-10-05,436613.25,26823.11
C00023,V265,CAT09,2023-09-06,2025-09-02,315409.12,52065.72
C00024,V478,CAT06 ,2023-09-24,2025-01-28,912897.98,88096.01
C00025,V420,cat03,2023-08-24,2025-06-08,515195.0,95375.98
C00026,v360,cat10,2023-10-18,2024-09-23,115352.26,16615.39
C00027, V066,CAT09,2023-06-09,2025-08-11,992419.77,41606.78
C00028,V282,CAT05,2023-05-05,2025-04-22,204004.24,67820.52
C00029,V186,CAT04 ,2023-06-16,2025-06-27,118111.24,94469.74
C00030, V153,cat01,2023-05-31,2025-06-24,872635.68,74947.66
C00031,v497, CAT06,2023-08-04,2025-07-10,966326.72,68881.29
C00032,v185,CAT09,2023-11-02,2025-06-29,369621.95,46337.05
C00033,V490,cat08,2023-11-24,2025-10-10,793294.76,53863.48
C00034,v112, CAT07,2023-12-21,2025-11-26,672941.26,46902.55
C00035,v038,CAT10,2023-07-19,2025-04-05,873861.28,27944.61
C00036,V486,CAT07 ,2023-09-20,2025-05-19,190557.61,33459.31
C00037,V369,CAT03 ,2023-10-06,2024-11-11,963515.92,66091.42
C00038,V325,CAT07,2023-07-03,2025-02-06,684862.19,52733.21
C00039, V370,CAT10,2023-01-03,2024-10-22,107408.53,49780.31
C00040,V298,CAT03,2023-09-21,2025-01-18,162895.08,48403.45
C00041,V176,cat02,2023-07-22,2025-08-19,980011.8,24162.49
C00042,V172,CAT07 ,2023-01-12,2025-12-17,280098.3,27570.99
C00043,V318,CAT02,2023-12-07,2024-09-10,985761.9,6991.33
C00044,V380,cat10,2023-10-22,2025-01-04,638916.32,
C00045, V393,CAT04 ,2023-05-09,2024-10-30,512232.71,16389.37
C00046,V316,cat05,2023-06-06,2025-11-23,269397.47,58391.24
C00047,v070,CAT03 ,2023-04-26,2025-02-28,571846.23,28016.76
C00048,V220,CAT07,2023-05-17,2024-07-28,289248.2,81152.96
C00049,V328,CAT05 ,2023-05-07,2025-04-28,541920.83,30139.68
C00050,V468,CAT01,2023-04-26,2025-10-01,836677.18,68049.54
C00051,V479,cat06,2023-05-27,2024-08-27,799970.46,11333.48
C00052,V069,CAT03,2023-04-08,2025-09-04,223465.72,86782.3
C00053,V164,CAT10,2023-02-18,2024-07-28,397346.31,87352.14
C00054,V444,CAT01,2023-01-07,2024-09-13,285267.96,
C00055, V153,CAT10,2023-10-30,2025-05-01,98510.63,90516.43
C00056, V179,cat01,2023-11-15,2024-06-19,139998.47,97668.83
C00057,V092,CAT05,2023-10-25,2025-07-15,432579.64,13764.95
C00058,v424, CAT04,2023-05-28,2025-08-15,879610.91,19857.07
C00059,V413,CAT06,2023-12-09,2025-12-17,480154.52,
C00060,V317,CAT03,2023-07-09,2024-12-03,194809.9,82678.12
C00061,V298,CAT04,2023-12-30,2025-03-03,470570.18,
C00062,V330,CAT09,2023-01-18,2025-11-21,848120.81,69184.99
C00063,v319,CAT03 ,2023-02-09,2024-07-29,456537.97,22797.58
C00064,V063,CAT02,2023-04-01,2024-07-04,814955.41,99544.69
C00065,V059 ,CAT03 ,2023-08-28,2025-11-29,808370.8,14321.63
C00066,V203,CAT02,2023-07-15,2025-04-24,668663.05,30894.34
C00067,V152,CAT10,2023-02-21,2024-06-16,680775.91,75662.46
C00068,V304,cat02,2023-10-09,2025-07-06,137932.28,72507.12
C00069,V106,CAT04 ,2023-01-10,2025-03-20,870973.52,31447.83
C00070,v475,CAT03 ,2023-05-25,2025-03-12,274843.76,75716.38
C00071,V125,cat09,2023-03-21,2024-07-17,609004.56,44717.95
C00072, V219,CAT08,2023-08-05,2024-09-15,102895.59,36020.34
C00073,V008,CAT04,2023-02-28,2024-12-23,273434.48,10789.8
C00074,V114,CAT07,2023-05-04,2025-09-19,858468.35,77213.03
C00075,V169 , CAT07,2023-07-29,2024-08-04,165433.51,
C00076,v041,CAT10 ,2023-04-12,2024-11-08,279640.35,16570.14
C00077,V042,cat09,2023-06-01,2024-12-04,546415.93,29368.35
C00078,V039 , CAT10,2023-10-09,2024-06-09,554673.96,19906.37
C00079,V292,CAT07,2023-12-21,2024-09-06,224696.75,90644.06
C00080,V012,CAT06 ,2023-10-14,2024-07-18,973759.31,18953.71
C00081,V431 , CAT07,2023-03-08,2024-07-28,88531.71,77431.16
C00082,V242,CAT04,2023-06-13,2025-07-18,378189.98,99203.12
C00083,V462 , CAT06,2023-05-26,2024-10-23,593651.38,79654.76
C00084, V072,CAT01,2023-08-15,2024-07-27,869692.06,79064.5
C00085,V423, CAT09,2023-12-10,2024-08-23,572821.24,
C00086,V247 ,cat03,2023-10-11,2024-11-30,351924.63,81661.71
C00087,V377, CAT07,2023-07-25,2025-04-21,316370.66,63798.27
C00088,V181, CAT05,2023-08-28,2024-12-07,362181.76,73937.2
C00089,v144,CAT07,2023-02-05,2025-08-02,336169.0,17105.32
C00090, V394,CAT10,2023-07-06,2025-10-26,571961.12,50898.99
C00091,V263,cat03,2023-07-18,2025-02-01,826210.5,47728.34
C00092,V052,CAT08,2023-01-04,2024-09-14,275282.26,
C00093,V483 ,cat06,2023-04-05,2025-05-09,991425.43,
C00094,V368,CAT10,2023-05-24,2025-03-03,292934.7,12556.15
C00095,v450,CAT10,2023-12-30,2024-07-26,90236.46,42624.25
C00096,V474,cat06,2023-12-04,2025-06-06,890946.39,
C00097,V135, CAT08,2023-06-08,2025-02-16,73413.76,61898.66
C00098, V444,CAT10 ,2023-04-09,2025-11-11,785299.41,98245.79
C00099,v107,CAT06 ,2023-07-16,2025-11-09,807849.84,52536.38
C00100,V464,CAT09,2023-01-21,2025-11-08,437518.82,
C00101, V305,CAT08,2023-08-04,2024-10-31,766275.54,84159.01
C00102,V163,CAT01,2023-02-03,2024-08-31,902056.33,44101.95
C00103,V229,CAT03,2023-01-02,2024-12-29,917761.47,
C00104,V242,CAT04,2023-02-26,2025-06-19,885706.48,25489.07
C00105,v459,cat04,2023-04-27,2025-05-01,329674.35,37304.02
C00106,V384,CAT05,2023-10-11,2025-02-18,318479.93,57551.57
C00107,V129 ,CAT04,2023-07-16,2025-08-22,871657.45,48198.19
C00108,V258 ,CAT04,2023-09-23,2025-09-10,318811.01,62880.35
C00109,v244,CAT05,2023-01-09,2024-10-10,236550.23,91734.94
C00110,V385,CAT03,2023-09-15,2024-12-14,921005.0,54802.96
C00111,V499,cat07,2023-01-23,2024-09-12,924508.98,83295.0
C00112,V363,CAT03,2023-05-06,2024-08-20,978351.96,68360.41
C00113, V281,CAT10 ,2023-05-30,2024-07-31,442481.6,62384.56
C00114,V088,CAT06,2023-11-10,2025-02-07,322434.47,15084.76
C00115,v227, CAT05,2023-12-05,2025-11-22,81329.49,80565.49
C00116,V481 ,CAT05,2023-12-30,2024-12-04,689967.44,8838.79
C00117,V159,CAT02,2023-02-19,2024-10-30,329644.45,22386.32
C00118,V440,CAT06 ,2023-10-17,2025-01-01,739265.27,85995.65
C00119,V217,CAT06,2023-01-19,2025-10-27,231889.75,76713.64
C00120,V235 ,CAT10,2023-10-02,2025-08-26,919734.09,25742.29
C00121,V345 ,cat10,2023-06-27,2025-09-17,116082.78,22365.49
C00122,V193,CAT04,2023-04-09,2025-10-07,392986.88,89013.49
C00123,v021,cat02,2023-08-02,2025-01-03,58827.5,19163.8
C00124,V129,CAT09,2023-09-16,2024-08-21,157156.52,79976.1
C00125,V077 ,cat09,2023-06-02,2025-05-28,645511.35,83239.27
C00126,V399,cat10,2023-05-12,2025-06-20,640645.62,19569.11
C00127,v374,cat06,2023-11-27,2025-09-14,490778.99,82939.36
C00128,V074 ,cat07,2023-09-28,2024-11-20,460267.41,22598.3
C00129,V005,CAT07,2023-04-09,2024-07-29,432590.05,42216.38
C00130,v221,cat09,2023-10-20,2025-08-20,948098.33,83213.49
C00131,V390,CAT02,2023-01-09,2025-11-15,189748.71,91818.38
C00132,V182,CAT05,2023-10-04,2024-11-12,527703.21,68350.15
C00133,V312,CAT05,2023-10-03,2025-11-05,350884.89,14201.15
C00134, V403,CAT08,2023-04-23,2025-08-28,384936.21,48029.86
C00135,V396 ,cat10,2023-01-10,2024-07-05,366010.72,75622.82
C00136,V073,CAT09,2023-03-08,2024-06-22,109200.57,47590.58
C00137,V308,cat10,2023-09-20,2025-02-27,734191.05,7216.96
C00138,V329,,2023-08-27,2025-07-18,508652.41,37987.38
C00139,V431,CAT07,2023-02-20,2024-08-01,685171.72,94011.12
C00140,V064,CAT09 ,2023-10-17,2025-02-10,167860.36,5728.79
C00141,V348, CAT03,2023-02-26,2025-06-04,711629.9,88703.13
C00142,V418 , CAT01,2023-09-26,2024-09-25,147245.13,77224.26
C00143,v377,CAT04,2023-12-31,2025-02-07,180448.64,9445.77
C00144,V271,CAT05,2023-01-01,2024-11-25,403362.66,49347.59
C00145,V194,CAT01,2023-11-14,2024-12-19,900081.16,62873.76
C00146,v217,cat10,2023-04-24,2024-11-14,52543.55,
C00147,v353,CAT03,2023-08-11,2025-11-13,120082.32,64130.04
C00148,V017,CAT10 ,2023-05-29,2025-01-25,902965.08,29475.87
C00149,V250, CAT07,2023-12-16,2025-01-14,620497.94,18164.38
C00150,v088,CAT05,2023-01-26,2025-05-08,74173.19,99437.91
C00151,V295,CAT08,2023-06-29,2025-06-26,209861.63,22050.85
C00152,V378,CAT01,2023-09-15,2025-05-08,482971.13,8952.6
C00153,V113 ,CAT10 ,2023-05-07,2025-06-08,187840.4,62622.65
C00154,V495 ,CAT05,2023-07-07,2025-04-26,457696.59,80367.98
C00155,v444,cat08,2023-06-15,2025-04-29,611995.63,47919.54
C00156,V385,CAT02,2023-04-04,2025-12-16,620053.93,28963.35
C00157,v496,CAT04,2023-11-15,2024-11-19,420538.17,13387.36
C00158,v043,CAT10,2023-05-24,2024-08-05,671802.58,28188.76
C00159, V451,CAT06,2023-12-16,2025-07-10,252136.83,74228.92
C00160, V131,CAT01,2023-12-26,2025-09-29,133102.46,49094.7
C00161,v012,CAT08,2023-06-12,2025-04-10,861695.49,82087.94
C00162,V171,CAT06,2023-02-14,2025-06-02,316752.6,99732.84
C00163,V272,cat05,2023-04-22,2025-01-27,747706.0,86313.01
C00164,V232,CAT04,2023-10-19,2024-12-26,302658.12,41942.19
C00165,V395,CAT02,2023-07-03,2024-09-14,925946.73,12779.26
C00166,V377,CAT02,2023-04-14,2024-06-15,558235.67,49198.36
C00167, V406,CAT08,2023-03-18,2025-01-07,602468.0,
C00168,V066,CAT09,2023-05-10,2024-07-22,450969.92,81815.0
C00169,V486,CAT07,2023-03-15,2025-09-04,339303.12,96931.44
C00170,,CAT07,2023-12-20,2025-07-01,886487.63,
C00171,V034,CAT10,2023-04-11,2025-05-06,559435.8,93572.31
C00172,V075,CAT03,2023-01-06,2025-02-25,525016.54,
C00173,V433,cat06,2023-01-30,2025-12-27,317118.27,88303.69
C00174,V259, CAT10,2023-01-01,2025-12-09,848432.17,99048.77
C00175,V484 ,CAT04,2023-03-24,2024-06-09,752986.24,19589.61
C00176,V179,CAT02,2023-08-17,2025-07-31,856161.21,94816.66
C00177,v369,CAT06,2023-01-10,2025-12-30,273084.89,
C00178, V121,CAT02,2023-07-20,2024-07-29,244113.53,30001.37
C00179,V108,CAT07,2023-01-26,2025-11-16,423080.13,
C00180,V060,CAT08,2023-05-29,2025-10-16,161154.46,67742.15
C00181, V081,CAT02 ,2023-02-23,2025-12-08,410097.74,19529.57
C00182,V467,CAT08 ,2023-07-11,2025-02-20,647192.5,56504.29
C00183,V037,CAT02,2023-01-21,2025-12-26,74170.4,73948.45
C00184,v212,CAT05,2023-08-21,2025-07-27,218051.89,84358.02
C00185,V005,,2023-01-07,2024-10-28,428616.72,34376.22
C00186,V450,CAT03,2023-12-19,2025-12-24,304300.7,65080.3
C00187,V403 ,CAT05,2023-01-20,2024-06-21,884774.91,91011.38
C00188,V353,CAT08,2023-05-28,2024-10-23,346167.07,31068.8
C00189,V360,CAT09,2023-12-28,2025-03-26,518917.88,29206.26
C00190,V036,CAT05,2023-12-27,2024-07-05,134425.32,5705.08
C00191,V056,CAT05,2023-01-04,2025-07-28,342887.18,87747.25
C00192,V051,CAT07,2023-09-23,2024-08-07,66115.93,16290.2
C00193,V496 ,cat04,2023-05-09,2025-11-13,899188.54,18245.84
C00194,V256,CAT07,2023-09-29,2025-11-14,135458.89,54568.08
C00195,V178 ,CAT10,2023-04-18,2024-07-15,331951.08,28811.14
C00196, V393, CAT05,2023-08-09,2024-10-25,648954.76,25947.5
C00197,v101,CAT05,2023-10-07,2025-09-06,899491.03,33467.23
C00198,V291, CAT09,2023-04-24,2024-08-11,373129.67,29879.34
C00199,V311,CAT08,2023-02-25,2025-12-27,940316.71,
C00200,V185,CAT10,2023-07-11,2025-02-23,430191.29,69880.31
C00201,v230,CAT03,2023-10-07,2025-12-05,813052.91,34299.27
C00202,V100,CAT09 ,2023-05-10,2025-09-14,520093.15,89565.94
C00203,v081,CAT04,2023-05-26,2025-03-29,244756.38,17453.34
C00204,V055,CAT09,2023-05-10,2025-12-09,124075.54,89160.94
C00205,v438,CAT07 ,2023-01-15,2025-11-29,688337.21,67195.28
C00206,V243 , CAT05,2023-11-09,2025-10-12,644646.35,45380.92
C00207,V126, CAT05,2023-09-03,2025-04-13,427249.22,59171.41
C00208, V122,CAT01 ,2023-03-30,2024-10-10,271627.4,33411.99
C00209,v194,CAT02,2023-04-29,2025-11-05,358991.85,29735.74
C00210,V269,CAT03,2023-07-05,2024-08-13,236010.4,5642.89
C00211,V148,CAT06,2023-02-10,2025-06-14,832089.76,82573.73
C00212,v198,CAT03,2023-04-27,2024-06-19,709560.6,41047.83
C00213,V453,CAT10,2023-03-07,2025-02-03,664581.32,13928.16
C00214,V218,CAT02,2023-06-19,2024-10-18,647323.79,60537.4
C00215, V287,CAT07,2023-07-24,2024-07-04,133091.73,42728.54
C00216,V485 ,CAT03,2023-12-30,2025-04-11,543147.06,63202.3
C00217,V362,CAT09 ,2023-12-08,2025-03-17,966723.57,78098.93
C00218,V444,CAT08 ,2023-11-14,2024-11-13,443181.38,73015.11
C00219,V355,,2023-03-24,2024-09-19,799917.19,58657.05
C00220,v325,CAT03,2023-01-15,2025-08-22,361321.91,90630.63
C00221,V129,CAT05,2023-09-01,2025-03-07,277877.07,48445.06
C00222,V145 , CAT06,2023-08-08,2025-10-25,603042.05,57768.5
C00223,V246,cat08,2023-01-12,2025-01-29,943902.94,52069.44
C00224,V119,CAT02 ,2023-09-06,2024-10-18,761844.25,11478.53
C00225,V058,cat10,2023-06-07,2024-10-09,909164.61,74595.62
C00226,V351 ,CAT01 ,2023-02-15,2025-03-30,505130.73,64211.12
C00227,V185,CAT04,2023-11-06,2025-02-25,403114.36,
C00228,V458,CAT04,2023-10-11,2025-01-25,784421.2,
C00229,v440,CAT04 ,2023-03-07,2025-08-18,692759.49,98261.35
C00230,V264,CAT08 ,2023-10-22,2025-07-05,953983.47,47512.51
C00231,V222 ,CAT02,2023-11-27,2025-05-05,612199.03,92687.72
C00232,V335,CAT10,2023-03-05,2025-01-14,789809.06,61921.66
C00233,V093,CAT01 ,2023-03-06,2025-01-15,696146.0,76712.33
C00234,V054,CAT02,2023-09-23,2025-07-22,719022.05,51169.05
C00235,v005, CAT05,2023-10-24,2025-07-01,826766.46,50584.24
C00236,V303,cat09,2023-04-27,2025-10-26,543826.86,45363.73
C00237,V424,CAT03 ,2023-05-09,2025-10-06,296750.66,6358.12
C00238,V226,CAT10,2023-11-23,2025-04-22,663637.6,97431.74
C00239,V419 ,CAT03,2023-02-11,2024-06-27,560793.77,37807.76
C00240, V138, CAT03,2023-04-16,2025-02-21,996573.17,39192.48
C00241, V197, CAT05,2023-09-15,2024-09-07,559569.03,24242.56
C00242,V261,CAT08,2023-04-25,2025-10-29,958971.17,98599.73
C00243,V187,CAT09 ,2023-04-06,2024-07-12,865370.92,21221.1
C00244,V075,CAT02,2023-04-30,2025-11-30,665739.19,84130.33
C00245,,CAT03 ,2023-03-26,2025-03-25,76089.69,54427.37
C00246,V185,CAT10,2023-06-01,2025-02-03,876292.32,84823.01
C00247,V446, CAT04,2023-11-15,2025-03-14,421572.59,22829.8
C00248,V081,CAT02,2023-09-29,2024-08-15,392560.32,50867.56
C00249,v098,CAT04,2023-10-04,2024-08-29,545522.08,29298.16
C00250,V036, CAT05,2023-08-29,2024-09-19,531802.57,
C00251,V245 ,CAT06 ,2023-07-08,2025-05-18,920491.89,69331.22
C00252,V185,CAT01,2023-03-20,2025-01-10,826925.75,61329.93
C00253,v329,CAT08 ,2023-09-01,2024-10-14,141530.18,62225.93
C00254,V449 ,CAT07 ,2023-06-30,2025-11-28,728609.16,5988.57
C00255,V022,CAT01,2023-04-27,2025-01-19,972765.95,47990.1
C00256,V149,CAT07 ,2023-02-20,2025-06-09,428202.94,38177.32
C00257, V465, CAT09,2023-11-26,2025-04-29,735031.16,21856.65
C00258,V107,CAT10,2023-12-13,2025-09-04,166022.55,80235.08
C00259,V287,cat08,2023-05-07,2025-08-31,961371.31,67370.69
C00260,V282,CAT03,2023-05-21,2025-02-04,708578.58,91868.5
C00261,V464,CAT10,2023-10-19,2025-09-29,529095.82,36587.84
C00262,V098,CAT09 ,2023-10-21,2025-12-02,475734.92,95344.01
C00263,V380 ,CAT02 ,2023-08-11,2025-10-15,644412.5,13226.07
C00264,V057,cat05,2023-07-13,2024-11-01,520142.35,76754.91
C00265,V161,CAT09,2023-08-23,2024-10-05,648962.26,33097.1
C00266,V197,CAT08,2023-05-16,2025-04-07,769323.57,97371.41
C00267,V150,CAT06,2023-04-15,2025-05-21,162228.46,
C00268,V217,cat06,2023-07-25,2025-04-27,934788.68,54409.93
C00269,v360,CAT06,2023-08-28,2024-10-28,497597.6,98148.84
C00270,V078,CAT07,2023-01-10,2025-09-19,945007.09,61743.32
C00271,V144 ,CAT10,2023-08-18,2024-10-06,771395.34,51501.69
C00272,V160,CAT09,2023-05-02,2024-08-26,421818.13,90707.46
C00273,V305,CAT06,2023-05-20,2025-10-31,477462.87,64081.52
C00274,V375 ,CAT02,2023-11-19,2024-08-27,934178.83,95953.44
C00275,v265,CAT09,2023-09-07,2025-01-30,791671.69,59579.7
C00276,V472,CAT04,2023-09-04,2024-08-07,777884.03,75980.04
C00277,V312,CAT03,2023-09-11,2024-10-28,928900.08,86202.96
C00278,V261 ,CAT01,2023-10-10,2025-07-04,344607.8,10801.71
C00279,V354, CAT02,2023-03-31,2024-10-15,164014.75,77005.48
C00280, V274,CAT03,2023-07-20,2024-09-21,439238.33,78764.04
C00281,V214,CAT01,2023-12-27,2024-12-17,469878.29,32050.86
C00282,V484 ,cat05,2023-08-11,2025-06-16,199607.79,46452.09
C00283,V247 ,CAT10,2023-01-10,2025-12-22,177387.28,44556.39
C00284,V433,CAT02,2023-09-19,2024-11-10,628401.0,60540.29
C00285,V044 ,CAT03,2023-06-20,2025-06-24,733080.6,19413.73
C00286, V065,CAT06,2023-06-27,2025-04-08,880783.7,
C00287,V224,CAT07 ,2023-07-22,2024-12-01,345604.24,25027.09
C00288,V279,CAT09,2023-04-22,2025-03-10,868102.18,15259.16
C00289,v211,CAT02,2023-05-02,2024-06-06,649071.77,17942.93
C00290,V439 ,CAT05,2023-11-26,2024-07-13,730473.47,42167.92
C00291,V206,CAT08 ,2023-10-23,2024-07-27,94019.22,53226.07
C00292,V266,CAT09,2023-03-24,2024-11-02,69916.5,95171.97
C00293,V484,cat06,2023-04-28,2024-11-22,584460.33,72398.09
C00294,v403, CAT01,2023-07-20,2024-12-10,297632.66,63594.0
C00295,v188,CAT05 ,2023-12-23,2024-09-16,107896.2,26394.19
C00296,V153,CAT03,2023-11-17,2025-10-19,790517.16,11918.61
C00297,V433,cat07,2023-05-18,2025-03-13,152019.96,70203.74
C00298,V363,CAT08,2023-12-15,2024-06-06,654059.59,90910.28
C00299,v452,CAT10 ,2023-11-05,2025-11-25,505972.84,98469.8
C00300,V286,CAT08,2023-12-06,2025-08-29,309958.68,79736.78
C00301,V321,CAT02,2023-01-21,2025-12-20,989490.29,17690.39
C00302,V044 ,CAT08,2023-05-11,2025-12-28,922934.19,38371.16
C00303, V327,CAT02,2023-02-15,2024-11-09,856539.11,24318.56
C00304,V250 ,CAT07,2023-11-17,2025-07-09,425265.04,61319.5
C00305,V377,CAT03,2023-12-15,2025-09-30,819450.28,75776.11
C00306,V262,CAT09,2023-05-21,2025-08-24,953791.91,87037.47
C00307,v417,CAT06 ,2023-11-12,2025-06-18,884336.98,
C00308,V260,CAT10,2023-12-24,2025-03-30,562192.26,40208.72
C00309, V093, CAT10,2023-10-30,2024-09-28,469609.39,72293.43
C00310,V020,CAT06,2023-05-22,2024-06-19,865275.44,47179.88
C00311,V345,CAT01,2023-01-07,2025-02-12,388321.42,
C00312,V393,CAT10,2023-10-01,2025-10-20,560881.13,51618.05
C00313,V281,CAT10,2023-05-30,2025-10-13,90653.88,86310.13
C00314,V250,CAT08,2023-05-14,2025-01-11,401863.72,53936.84
C00315,V155,cat07,2023-10-13,2025-08-05,606354.99,59710.76
C00316,V262,CAT10,2023-08-09,2025-03-08,719106.04,20030.69
C00317,V418,CAT08 ,2024-01-01,2025-02-09,613527.4,64429.51
C00318,v350, CAT08,2023-05-15,2024-07-27,161112.83,13072.47
C00319,V342,CAT06,2023-05-17,2025-03-31,994697.49,84459.46
C00320,V056,cat10,2023-06-01,2025-12-07,350541.37,94321.72
C00321,V258, CAT01,2023-11-23,2024-10-15,551724.94,22418.88
C00322,V219,cat09,2023-11-28,2025-10-13,996588.28,62047.21
C00323,V453 ,CAT07,2023-03-14,2025-01-24,927980.81,29898.57
C00324,V114,cat02,2023-04-26,2024-07-24,241228.85,37498.37
C00325,V291 , CAT03,2023-05-05,2025-04-15,688941.07,11955.19
C00326,V356 ,CAT01,2023-08-02,2025-03-21,466721.22,46323.0
C00327, V414,cat02,2023-04-23,2024-08-24,729679.67,91594.72
C00328,V113 ,CAT05,2023-04-03,2025-12-20,384494.08,63449.44
C00329,V180, CAT09,2023-05-14,2024-06-16,472326.97,41186.22
C00330,v240,CAT02,2023-05-13,2024-07-15,546518.94,26564.23
C00331,V159,CAT08,2023-02-21,2025-05-08,766477.38,25893.54
C00332,V063,CAT09,2023-01-08,2024-12-19,835916.53,13857.4
C00333,V088,CAT09,2023-12-10,2025-09-12,507000.12,78967.31
C00334,V405,CAT02,2023-01-30,2025-06-01,829931.91,84992.23
C00335,v243,CAT07,2023-05-21,2025-01-05,272699.2,43798.94
C00336,V482,CAT09,2023-03-20,2025-04-16,433994.81,49304.84
C00337,V500 ,cat06,2023-06-06,2024-10-28,192739.52,18702.17
C00338,v494,CAT02,2023-04-17,2025-12-08,331962.07,71969.48
C00339,V009,CAT01,2023-05-31,2025-02-16,572662.01,54041.46
C00340,V026,CAT04,2023-12-21,2024-07-29,549473.64,13250.98
C00341, V127,CAT01,2023-01-24,2024-07-15,325884.16,84222.41
C00342,V270,,2023-12-27,2024-12-22,640020.79,
C00343, V446,CAT03 ,2023-04-19,2025-09-23,177551.75,56553.03
C00344,V428,CAT01 ,2023-03-24,2025-12-12,392465.19,60344.43
C00345,V123,CAT09,2023-12-08,2024-07-10,846932.83,32173.55
C00346,v299,CAT02 ,2023-04-20,2025-06-03,124224.63,69993.03
C00347,V362,CAT07,2023-12-05,2025-09-09,736503.62,70482.24
C00348,V039 ,CAT03,2023-12-10,2025-09-27,613555.81,59104.26
C00349,v017,cat02,2023-02-24,2024-09-02,187481.77,39005.18
C00350,V214,CAT07,2023-08-06,2025-04-18,668154.22,97893.3
C00351,V357, CAT05,2023-09-15,2024-12-13,54653.11,15419.14
C00352,V202,CAT03,2023-09-23,2025-12-23,71303.07,51736.6
C00353,V209,cat07,2023-06-24,2025-02-01,288534.02,22339.11
C00354,V353,CAT01 ,2023-01-28,2024-07-09,219266.64,80602.56
C00355,V418, CAT07,2023-12-26,2025-05-03,957999.71,34209.7
C00356, V222,CAT02 ,2023-07-09,2025-06-19,297287.28,82040.53
C00357,V344,CAT06,2023-07-22,2024-09-01,270520.17,21459.8
C00358,v371,CAT05,2023-04-20,2025-03-23,475706.42,49013.16
C00359,V359,CAT08,2023-08-04,2025-04-17,691448.49,78978.47
C00360,v455,CAT07 ,2023-09-19,2024-06-23,858062.48,29802.34
C00361,V079,CAT03,2023-01-12,2025-06-09,805721.88,
C00362,V098,cat10,2023-01-07,2025-11-14,301514.4,12894.72
C00363,V261 ,CAT09,2023-03-31,2025-12-10,721162.36,17457.17
C00364,V318 ,CAT04,2023-01-11,2025-05-11,947858.81,53370.39
C00365,V158,CAT06,2023-03-22,2025-03-22,424366.74,40171.28
C00366,v096,CAT04 ,2023-08-25,2024-08-26,316519.51,39174.2
C00367, V168,CAT09,2023-10-07,2025-11-26,416353.53,74225.1
C00368,V316,CAT07,2023-09-05,2025-12-03,554998.27,98018.16
C00369,V410,CAT05,2023-11-07,2024-07-13,367477.19,34565.61
C00370,V371, CAT09,2023-02-27,2025-02-09,343968.78,51137.43
C00371, V192,CAT04 ,2023-09-13,2024-09-14,603697.04,96144.67
C00372,V310,CAT03,2023-05-12,2024-11-19,144660.01,50507.51
C00373, V113,cat08,2023-01-11,2024-08-27,395922.04,59276.48
C00374,V335,CAT07,2023-11-25,2025-10-09,926807.26,7251.62
C00375, V166,CAT10,2023-10-15,2024-09-16,852139.79,97578.28
C00376,,CAT05,2023-02-16,2025-06-12,759417.26,85612.39
C00377,V287,CAT03 ,2023-12-11,2024-12-18,697928.85,62252.59
C00378,v086,CAT04,2023-05-10,2025-04-10,230524.31,
C00379,V119 ,CAT03 ,2023-11-22,2025-11-14,113741.06,49469.05
C00380,V126, CAT07,2023-08-03,2025-02-02,315915.71,58648.06
C00381,V059,CAT03,2023-07-10,2024-08-25,630389.09,59516.5
C00382,V280,CAT01,2023-12-26,2025-01-22,333862.74,13892.35
C00383,V393,CAT07 ,2023-03-03,2024-12-16,67841.09,60742.85
C00384,V334,CAT06,2023-09-07,2025-07-09,318378.91,
C00385,v224,CAT05,2023-03-06,2025-07-01,911509.68,54512.23
C00386,V345,CAT10,2023-11-19,2024-06-22,771202.3,92057.57
C00387,V018,CAT05 ,2023-07-09,2025-08-10,149646.44,
C00388,V437,CAT10,2023-07-27,2025-10-16,839537.99,12321.14
C00389,v369, CAT01,2023-11-08,2025-10-25,639916.02,28982.85
C00390,V465,CAT08,2023-12-14,2025-02-13,715843.78,89799.73
C00391,v040, CAT04,2023-09-05,2025-03-27,761439.4,17322.43
C00392,V061 ,CAT01,2023-09-28,2025-03-26,118377.98,77362.05
C00393, V429,CAT02,2023-11-16,2024-11-15,302332.88,
C00394,V331,CAT06,2023-01-08,2025-04-25,603198.73,34720.06
C00395, V333,cat01,2023-04-27,2025-03-03,878921.85,
C00396,V062 ,CAT03,2023-10-02,2025-07-19,745272.97,34401.4
C00397,V149,CAT02 ,2023-01-02,2025-09-17,823254.92,
C00398,V393 ,CAT03,2023-07-30,2024-07-07,893602.17,46858.62
C00399,v048,CAT04,2023-08-08,2025-03-15,610847.97,
C00400,V068, CAT08,2023-05-17,2025-08-09,729758.7,96134.99
C00401,V268,CAT01,2023-09-01,2025-05-28,147579.88,
C00402,V411 , CAT06,2023-12-01,2024-10-23,338859.12,97718.84
C00403,V397,CAT01 ,2023-09-22,2024-10-03,235485.79,13204.3
C00404,V348 ,CAT09,2023-08-24,2025-04-16,931738.54,47328.03
C00405,V039, CAT09,2023-09-10,2025-07-29,606756.76,72544.65
C00406,V254 ,CAT03,2023-09-13,2025-02-09,428160.28,7205.22
C00407,V393,CAT04,2023-05-24,2024-08-17,183813.66,43992.76
C00408,v267,CAT04,2023-03-26,2024-06-29,130298.24,44714.39
C00409,V066, CAT08,2023-10-31,2024-10-16,431391.78,29809.87
C00410,V180,cat10,2023-10-26,2025-12-12,571089.47,50360.95
C00411,V329,CAT07,2023-11-05,2025-01-23,445319.77,97040.61
C00412,v328,cat10,2023-07-07,2025-02-26,100267.74,53799.05
C00413,V253,CAT09,2023-06-15,2024-07-04,280025.86,
C00414,V125,CAT02 ,2023-02-13,2025-04-05,909440.21,
C00415,V311, CAT08,2023-08-01,2025-07-17,808486.16,6636.65
C00416,V157,CAT05,2023-01-14,2024-07-08,609235.7,72071.95
C00417, V366,CAT10,2023-01-15,2025-11-16,552082.8,52690.65
C00418, V140,CAT10,2023-10-17,2025-02-25,504083.44,12711.16
C00419,V175,cat04,2023-01-08,2024-07-04,976912.66,81855.7
C00420,V259,CAT08,2023-07-19,2025-11-23,118017.43,49829.66
C00421,V488,CAT10,2023-05-05,2024-08-14,738925.42,77984.48
C00422, V395,CAT03,2023-08-16,2025-11-07,549011.04,98834.26
C00423,V441 ,CAT09 ,2023-12-10,2024-11-18,80075.76,8593.36
C00424, V398, CAT08,2023-07-02,2025-08-07,807256.35,61582.77
C00425,V088,CAT05,2023-12-13,2024-08-21,206147.84,24500.44
C00426,V252 ,CAT04,2023-12-11,2025-01-31,658373.25,28568.16
C00427,v380, CAT10,2023-01-09,2024-11-18,562123.64,75388.14
C00428,V060,CAT05,2023-02-12,2025-12-20,98752.33,44359.7
C00429,V123 ,cat01,2023-08-20,2025-04-19,132359.37,92123.38
C00430,V088,CAT09,2023-05-02,2024-08-04,703597.91,29490.87
C00431, V101,CAT04,2023-07-04,2025-10-25,938464.42,
C00432,V232,CAT05,2023-01-09,2024-08-10,272354.34,45879.9
C00433,V256,CAT08,2023-11-26,2024-11-10,863301.22,82427.04
C00434, V478, CAT08,2023-03-10,2025-01-13,72671.83,7783.33
C00435, V365,CAT04,2023-03-14,2025-12-16,388322.34,
C00436,v184,CAT10,2023-07-24,2025-07-17,510169.44,
C00437,V163,CAT06,2023-08-15,2024-12-22,831919.67,78741.13
C00438,V145 ,cat05,2023-10-23,2024-06-02,765294.62,54935.32
C00439,V255 , CAT07,2023-07-15,2025-03-17,319589.7,52826.26
C00440,v435,CAT02,2023-12-25,2025-08-06,310697.67,36287.97
C00441,V499 ,CAT03,2023-02-20,2025-02-02,369198.21,43838.64
C00442,V266 ,cat07,2023-08-05,2025-10-15,475176.9,17593.93
C00443,V194,cat03,2023-01-05,2025-11-13,702082.19,
C00444,V008,CAT05 ,2023-03-04,2025-07-30,474951.91,19007.73
C00445,V163 ,CAT10,2023-08-05,2024-09-15,853207.04,
C00446,v039,CAT07,2023-05-22,2025-03-05,320380.81,70096.17
C00447,V327 , CAT06,2023-06-16,2025-01-10,113814.84,26042.3
C00448,V332,CAT06 ,2023-05-05,2025-07-19,449684.21,
C00449,V479 ,cat05,2023-05-24,2025-04-12,910622.98,5172.01
C00450,V285 , CAT04,2023-12-20,2025-01-04,176654.72,89401.25
C00451,V296,CAT07,2023-04-24,2024-10-22,947558.2,69147.16
C00452,V449 ,CAT09,2023-05-29,2024-06-07,899831.56,88158.56
C00453,V129,cat09,2023-01-28,2025-04-13,250810.82,48061.99
C00454,V395,cat05,2023-04-22,2025-04-26,603256.88,30808.62
C00455,V002,cat06,2023-04-25,2025-07-26,189529.1,74211.92
C00456,V002,CAT07 ,2023-07-14,2024-10-05,577844.2,33821.36
C00457, V222,CAT01 ,2023-05-27,2024-06-14,467694.68,61860.85
C00458,V483,cat05,2023-08-20,2024-10-22,118601.98,70752.85
C00459,V008,cat03,2023-05-19,2025-12-24,886425.21,
C00460,V198 , CAT10,2023-11-29,2024-08-10,228813.37,81731.69
C00461,V187 ,CAT02,2023-09-11,2024-09-10,622833.66,29238.35
C00462,V032,CAT01,2023-07-06,2025-05-02,790056.02,74361.52
C00463,v247,cat06,2023-06-14,2024-08-15,531732.4,96622.13
C00464,V023 , CAT01,2023-03-30,2025-08-15,462558.38,17154.4
C00465, V169,CAT01,2023-01-26,2025-03-17,373894.22,42405.88
C00466,V497 ,CAT02,2023-07-13,2025-09-02,551468.45,81858.09
C00467,v089,CAT03,2023-03-30,2025-08-20,338733.9,80155.2
C00468, V287, CAT07,2023-02-07,2024-06-20,83053.09,63373.64
C00469,V393,CAT05,2023-07-22,2024-10-16,532649.56,75038.12
C00470,V038 , CAT03,2023-12-25,2025-05-05,821718.58,96850.95
C00471,V104,CAT07 ,2023-04-22,2025-04-29,225835.67,70818.92
C00472,V313,CAT02,2023-09-11,2025-01-15,787973.27,16062.15
C00473,v493,CAT01,2023-09-08,2025-01-01,52096.7,83150.18
C00474,V114,cat07,2023-09-26,2024-07-22,475446.9,54376.55
C00475,V452,cat07,2023-05-25,2024-10-22,697981.25,69718.15
C00476, V298,CAT02,2023-04-08,2025-06-18,572268.31,28228.44
C00477,V012,cat04,2023-06-13,2025-08-27,692054.81,28576.7
C00478,V312,CAT08,2023-02-10,2025-01-22,79846.85,90211.94
C00479,v002,CAT10,2023-02-10,2025-05-15,494609.8,64282.3
C00480,V041,CAT08,2023-12-11,2024-12-28,359426.72,18829.06
C00481, V400,CAT05,2023-07-01,2025-12-03,543421.04,
C00482,V163 , CAT07,2023-11-04,2025-06-14,924386.42,9237.01
C00483,V207,CAT10,2023-09-15,2024-12-05,331543.18,9220.38
C00484,V402,CAT08,2023-07-09,2024-08-30,481622.02,18706.89
C00485, V391,CAT06,2023-07-01,2025-03-24,538995.02,69485.49
C00486,V201,CAT09,2023-10-26,2025-10-26,312124.59,19841.5
C00487, V319,CAT10,2023-03-08,2025-11-01,949221.41,8449.16
C00488,v405,CAT10,2023-05-08,2024-06-05,467120.89,18023.16
C00489,V020,cat05,2023-11-17,2025-04-25,752103.62,77397.8
C00490,V017,cat03,2023-06-09,2025-11-08,156452.66,60637.34
C00491,v353,CAT04,2023-11-12,2024-11-29,267523.97,11917.45
C00492, V094, CAT06,2023-07-30,2024-12-08,773222.5,86642.4
C00493,V414,CAT03,2023-11-26,2024-10-27,589134.56,87501.27
C00494,v320,CAT08,2023-09-19,2025-06-26,757770.27,95347.45
C00495,V129 ,CAT10,2023-02-22,2025-01-05,175161.81,44644.9
C00496,V155 ,CAT10 ,2023-09-20,2024-06-16,450938.16,99228.33
C00497,V175,cat01,2023-08-29,2024-09-05,938356.58,83062.44
C00498,V139,CAT07,2023-07-12,2025-06-13,58538.82,23783.48
C00499,V263,CAT04,2023-10-29,2025-01-02,447989.66,12502.12
C00500, V164,cat01,2023-05-22,2025-10-23,581451.8,27665.16
C00501, V137,CAT03,2023-03-22,2025-04-05,456292.09,72419.62
C00502,v084,CAT03,2023-05-02,2025-08-29,659155.68,21072.21
C00503,v404,CAT10 ,2023-05-02,2025-05-02,549788.99,80694.2
C00504, V386,cat10,2023-03-24,2024-09-06,807714.13,40851.34
C00505,V214,CAT04 ,2023-04-19,2024-07-18,391383.68,83496.66
C00506,v077,CAT05,2023-01-08,2025-02-20,271860.05,78612.42
C00507,V124,CAT05,2023-10-24,2025-05-01,752900.02,
C00508, V302,CAT07,2023-05-01,2024-06-30,415203.11,17295.13
C00509,V095,CAT01,2023-12-06,2025-01-17,316199.73,89370.09
C00510, V044,CAT06,2023-12-13,2024-12-01,298851.14,44973.67
C00511,V280, CAT09,2023-10-29,2025-04-12,417420.56,68462.72
C00512,V353 ,CAT03,2023-12-23,2024-09-18,409809.23,
C00513,V435, CAT05,2023-04-29,2024-12-26,205019.49,79364.32
C00514,V391,CAT09,2023-09-15,2025-02-02,914622.2,58892.47
C00515,V001 ,CAT02 ,2023-11-11,2025-01-21,98069.29,84393.63
C00516,V067,CAT03,2023-10-25,2024-08-05,944807.43,
C00517,V242,CAT01,2023-08-11,2025-03-27,617919.94,95250.66
C00518,V340 ,CAT03,2023-10-04,2024-06-18,476109.32,97491.67
C00519,V048,CAT02 ,2023-06-22,2025-04-27,231816.63,
C00520,V163,CAT03,2023-09-02,2024-08-02,557686.88,38488.04
C00521,V469 , CAT04,2023-11-01,2024-12-31,262194.64,30477.45
C00522,V403,CAT01,2023-09-24,2025-08-13,98223.41,88277.13
C00523, V073,cat06,2023-07-14,2025-08-29,668520.75,79530.34
C00524,v106,CAT09,2023-06-09,2025-05-27,485949.36,35334.38
C00525,v400,CAT02,2023-12-09,2024-10-17,795803.41,7664.53
C00526,V026,CAT06,2023-10-04,2025-07-13,489833.47,90261.87
C00527,v447,CAT07,2023-07-03,2025-05-27,976986.98,91385.09
C00528, V036, CAT09,2023-07-03,2024-10-10,667453.96,42981.3
C00529, V325, CAT09,2023-02-23,2024-11-09,531811.97,63993.13
C00530, V237,CAT04,2023-12-29,2024-10-23,277689.77,21804.31
C00531,V105,CAT01,2023-06-11,2024-09-12,891441.33,13546.49
C00532,v325,CAT04,2023-06-27,2025-11-19,592176.29,7167.04
C00533,V367 ,cat06,2023-05-19,2025-08-31,376786.87,37872.5
C00534,V022,cat09,2023-11-10,2025-02-02,578651.97,74416.58
C00535, V168,CAT08,2023-08-26,2025-07-02,646754.66,33597.12
C00536,V027 , CAT02,2023-10-17,2024-12-28,966988.57,91714.38
C00537,V478, CAT01,2023-01-04,2025-10-03,354171.17,68861.2
C00538, V250,cat08,2023-04-26,2024-08-03,914179.83,89575.66
C00539,V370 ,CAT10,2023-07-20,2024-12-29,256918.81,28806.6
C00540,V307,CAT02,2023-03-25,2025-03-09,166522.67,
C00541,V101 ,CAT04,2023-05-15,2024-11-09,312277.93,69743.48
C00542,V086,CAT07,2023-09-05,2025-05-18,677144.61,47192.25
C00543,V169,CAT03,2023-04-04,2024-10-23,725840.29,59105.02
C00544,V284,CAT07,2023-04-20,2025-02-06,249716.4,73902.16
C00545,V172,CAT08,2023-12-12,2025-11-01,823922.36,46291.26
C00546,V252, CAT03,2023-12-05,2025-10-20,810670.53,38816.07
C00547,V193,CAT09,2023-07-23,2025-08-31,333882.21,9397.52
C00548,v185,CAT09,2023-03-03,2024-06-02,989640.29,26997.27
C00549, V084,CAT06,2023-03-19,2024-08-28,303137.91,42222.79
C00550,V202, CAT05,2023-08-17,2024-12-24,757067.79,93964.18
C00551, V046,CAT02,2023-10-22,2024-12-14,179231.53,83938.08
C00552,V348,CAT06,2023-04-25,2025-07-14,92892.6,
C00553,V204,CAT03 ,2023-08-23,2025-07-19,504950.46,56969.22
C00554,V292 , CAT07,2023-02-13,2025-08-31,634921.08,6225.92
C00555,V071 ,CAT10,2023-12-21,2025-10-16,316890.17,59091.35
C00556,V161 ,CAT10,2023-04-22,2025-09-05,925240.13,98227.5
C00557,V226,CAT04,2023-07-29,2025-01-05,169328.97,13126.7
C00558,V330,CAT10,2023-05-16,2025-04-29,761777.35,33592.01
C00559,V282,CAT06 ,2023-08-18,2025-02-23,261897.82,6792.03
C00560,V041 ,CAT03,2023-06-25,2025-04-19,707452.33,98758.7
C00561,V247 ,CAT05,2023-12-27,2024-10-25,638781.49,78547.82
C00562,V204 ,cat03,2023-12-09,2025-12-21,889499.56,13121.37
C00563,V339,cat09,2023-10-11,2024-07-06,644489.13,20150.01
C00564,v483, CAT06,2023-05-18,2025-05-03,528051.79,72718.05
C00565, V239,CAT04,2023-03-11,2024-10-07,607491.03,86796.33
C00566,V425,CAT06 ,2023-05-30,2025-02-12,707538.77,39665.8
C00567,V452,CAT05,2023-12-14,2025-01-16,751395.77,41631.31
C00568,V385,CAT02,2023-12-31,2024-07-18,978302.46,14653.54
C00569,v348,CAT07 ,2023-05-29,2025-07-11,356755.96,
C00570,V051,CAT05,2023-05-12,2025-08-31,467989.43,60141.12
C00571,V245,CAT10,2023-05-04,2025-01-05,466773.52,58323.87
C00572,V282, CAT09,2023-11-02,2024-09-28,127887.42,65876.77
C00573,,CAT09 ,2023-02-07,2025-01-23,356217.82,16837.66
C00574,v015,CAT03,2023-07-17,2025-07-30,102705.8,74631.8
C00575,V215,cat03,2023-12-31,2024-09-27,226164.53,17652.66
C00576,V120,CAT04,2023-06-12,2025-07-07,595661.84,66903.54
C00577,V215,CAT10,2023-01-25,2025-11-27,89073.55,10581.55
C00578, V348,CAT05,2023-06-27,2025-06-12,430284.58,14895.88
C00579,V153,CAT04 ,2023-12-27,2025-01-22,801614.04,
C00580,v307,CAT08,2023-02-08,2024-09-16,131370.53,5696.44
C00581,V434,cat03,2023-08-29,2025-09-27,407215.92,21366.33
C00582, V223,CAT09 ,2023-10-18,2025-04-05,206647.9,22104.08
C00583,V456,CAT02 ,2023-12-11,2025-08-08,985522.54,84231.06
C00584,V382,cat05,2023-10-12,2025-02-06,678878.63,80477.07
C00585,V114 ,CAT06,2023-09-17,2025-01-07,111202.04,39564.68
C00586,V041,CAT07 ,2023-10-24,2025-01-13,376139.46,29203.72
C00587,v069,CAT04,2023-10-31,2025-08-02,733251.16,77021.78
C00588,V022, CAT05,2023-04-27,2024-06-11,783506.52,
C00589,V466,CAT01,2023-10-17,2025-10-02,598505.95,70414.44
C00590,v128,CAT07 ,2023-11-25,2024-08-04,453198.94,48027.93
C00591,V108,cat10,2023-10-15,2025-01-15,578742.21,
C00592,V490,CAT05,2023-07-30,2025-12-08,440550.63,53752.58
C00593,V496,cat03,2023-05-03,2025-02-19,934147.74,
C00594,V243, CAT08,2023-04-01,2025-09-06,656679.72,99249.65
C00595,V340 ,CAT06,2023-04-09,2025-02-16,886341.04,
C00596,V482 ,CAT07 ,2023-07-19,2025-10-28,559178.78,10512.63
C00597,V294 ,cat07,2023-10-25,2024-07-14,401011.63,20687.79
C00598,v460,CAT02,2023-04-01,2025-08-26,713273.5,24829.09
C00599,V153, CAT06,2023-12-08,2025-05-22,286320.52,51447.4
C00600,V443, CAT06,2023-07-03,2025-11-01,702983.9,87819.39
C00601,V466, CAT05,2023-08-16,2025-09-07,655006.29,98042.09
C00602,v127,CAT10,2023-01-11,2025-06-13,224715.99,74460.69
C00603,V030 ,CAT10,2023-08-23,2025-07-20,956302.57,23829.49
C00604,V360,CAT05,2023-06-15,2025-12-01,510228.64,40902.65
C00605,v408,CAT09,2023-09-24,2024-10-21,729152.21,23697.75
C00606,V168 ,CAT08,2023-12-15,2025-09-22,357584.51,76152.09
C00607, V209,CAT02,2023-11-14,2024-07-18,923817.28,20585.11
C00608,V286, CAT02,2023-01-03,2025-08-15,391793.83,63485.12
C00609, V308,cat02,2023-09-12,2025-08-26,658929.32,5170.68
C00610,V411 ,CAT03,2023-04-21,2025-12-07,238615.19,31266.85
C00611,V271,CAT09,2023-01-06,2025-06-08,224588.9,88434.03
C00612,V441 ,cat08,2023-08-17,2024-10-02,521841.89,98575.26
C00613,V402 ,CAT01,2023-01-15,2025-11-12,709547.88,46312.75
C00614,V309,CAT08,2023-12-17,2025-06-27,212441.64,22199.02
C00615,V198,CAT01 ,2023-03-01,2024-06-10,498312.44,45167.92
C00616,V342 ,CAT04,2023-12-28,2025-06-02,221906.9,8187.27
C00617,V182,CAT06,2023-12-31,2025-07-19,392720.36,27877.47
C00618,V059,cat05,2023-04-08,2025-12-23,995055.89,67439.91
C00619,V283 ,CAT06,2023-01-28,2024-11-08,707430.34,22345.83
C00620,v499,cat03,2023-09-01,2025-11-20,324547.33,45874.57
C00621,V392,CAT08,2023-09-28,2024-12-03,942468.37,17762.94
C00622,V396,CAT07 ,2023-07-23,2024-11-30,806172.81,97962.82
C00623,V284, CAT03,2023-05-13,2024-09-18,642861.24,36945.45
C00624,V428 ,CAT05,2023-06-30,2025-10-20,115429.76,53199.39
C00625,V239,cat08,2023-09-26,2025-01-20,473471.0,10696.16
C00626,V164,CAT02,2023-10-07,2025-01-25,243941.04,32835.26
C00627,V332,cat07,2023-02-04,2025-08-15,753327.82,41424.8
C00628, V460,cat05,2023-06-10,2025-07-04,364854.57,44971.84
C00629,V141,cat06,2023-02-07,2024-10-09,848677.76,74697.45
C00630,V254,CAT10,2023-09-04,2024-08-16,180855.16,48288.1
C00631,v343,CAT07,2023-05-28,2025-02-17,386550.46,23467.63
C00632,V206, CAT04,2023-08-07,2024-07-01,870277.67,55377.97
C00633,v124,CAT06 ,2023-06-21,2025-06-05,816342.94,35861.36
C00634,V151,CAT01,2023-07-01,2024-06-22,621711.72,
C00635,V434,CAT09,2023-02-26,2025-01-20,160955.19,20620.44
C00636,V233 ,cat02,2023-04-24,2025-06-04,995749.77,75195.6
C00637,V471,CAT03,2023-06-14,2025-04-15,543473.99,93219.93
C00638,V450,CAT10 ,2023-10-16,2024-10-28,470304.36,
C00639,V352,CAT03,2023-03-08,2024-09-30,665647.99,41003.98
C00640,v088,CAT08,2023-10-08,2025-08-27,322116.71,87415.7
C00641,V350,CAT05,2023-08-06,2025-08-25,908910.33,48796.29
C00642,V447 ,CAT01,2023-11-05,2024-08-07,394382.67,13484.97
C00643,V033,CAT04,2023-07-10,2025-03-13,661692.3,95423.23
C00644,V174,CAT10,2023-03-29,2024-09-17,963564.45,41648.14
C00645,V152, CAT07,2023-05-17,2025-11-04,693587.11,28178.39
C00646,V191 ,CAT05 ,2023-09-03,2024-12-10,688010.94,82654.42
C00647,V183,CAT04 ,2023-05-22,2025-06-12,416141.77,61579.64
C00648,V177,CAT06,2023-06-22,2024-09-25,78892.72,43255.99
C00649,V168,CAT06,2023-01-03,2025-07-30,812633.26,33630.52
C00650, V070,cat03,2023-05-13,2025-03-28,477639.37,99383.57
C00651,V278,cat06,2023-09-26,2025-08-19,364519.61,99842.69
C00652,V130,CAT04,2023-08-03,2024-12-11,869086.63,76331.05
C00653,V194,CAT09,2023-02-04,2024-11-10,687536.91,23546.6
C00654,V465,cat10,2023-08-09,2024-06-16,929845.79,81424.8
C00655,V004,cat07,2023-05-30,2024-08-28,624924.01,37513.7
C00656,V317,CAT02,2023-06-11,2025-02-13,189907.54,5419.34
C00657,V412,CAT04,2023-06-04,2025-02-07,698586.06,19828.88
C00658,V415,CAT10,2023-08-08,2024-07-26,429766.06,26598.22
C00659,V029,CAT04,2023-03-06,2025-05-12,686422.69,70537.5
C00660, V188,CAT01,2023-09-30,2025-03-10,966715.41,8963.79
C00661,V226,CAT02,2023-08-25,2024-12-11,687218.93,16510.75
C00662,V322 ,cat03,2023-06-05,2025-04-16,117070.41,34807.13
C00663,v270,CAT04,2023-02-01,2025-01-27,431562.68,64772.42
C00664,V125,CAT05 ,2023-02-25,2025-09-28,207038.54,13117.66
C00665,v485, CAT03,2023-09-10,2025-05-29,832411.04,60292.48
C00666,V444,cat01,2023-08-27,2024-11-26,105980.8,65643.47
C00667,V493,CAT07,2023-03-21,2025-04-08,897525.26,35046.56
C00668, V411,CAT08,2023-01-30,2025-10-07,981036.53,
C00669,V144,CAT01,2023-02-15,2025-06-27,668995.17,73087.76
C00670,V213,CAT01,2023-06-05,2025-09-05,708375.85,12316.67
C00671,V101,cat04,2023-06-24,2025-10-24,187406.51,20800.41
C00672,v387,CAT10,2023-08-10,2024-06-19,647119.72,89362.32
C00673,V106,CAT07,2023-09-18,2025-04-22,441316.47,75737.14
C00674,V469 ,cat09,2023-02-09,2024-07-17,826783.15,43136.49
C00675,V311 ,CAT01,2023-05-16,2024-12-02,281980.28,33596.18
C00676,v036,cat07,2023-01-11,2025-08-30,709680.41,93530.31
C00677,V277,CAT09,2023-07-18,2025-11-23,169052.14,12745.61
C00678,V132,CAT09,2023-09-14,2025-05-21,153921.4,37554.05
C00679,V451,cat10,2023-08-13,2025-09-15,467655.58,61786.24
C00680,V228,CAT04,2023-04-19,2024-10-16,834069.64,18829.63
C00681,V073,cat06,2023-03-08,2025-06-23,342421.82,
C00682, V315,CAT02,2023-10-01,2025-12-17,859887.28,34023.54
C00683,V138, CAT02,2023-06-22,2025-07-18,201259.37,19926.09
C00684,V173,CAT06,2023-11-03,2025-02-04,248058.09,23244.98
C00685,V251,CAT10,2023-11-26,2024-11-21,895497.55,56437.19
C00686, V323,CAT06,2023-09-25,2024-07-17,323684.4,11144.48
C00687,V153 , CAT04,2023-12-10,2025-09-25,618163.41,20225.75
C00688,V108,CAT07,2023-09-08,2024-06-01,648904.69,56600.48
C00689,v374, CAT10,2023-05-21,2025-10-29,842137.53,75674.01
C00690,v163,CAT05,2023-08-06,2025-12-27,826740.51,
C00691,V412 ,CAT03 ,2023-10-06,2025-11-19,71706.67,88814.17
C00692,V156,CAT03,2023-07-01,2024-06-03,391687.77,55944.78
C00693,V075,cat09,2023-02-11,2025-02-28,553539.5,26370.73
C00694,V056,CAT02,2023-12-21,2025-04-03,159559.22,73832.1
C00695,V420 ,CAT08,2023-07-18,2024-07-06,387907.41,94374.9
C00696,V389,CAT05,2023-06-28,2025-10-26,557137.81,47317.93
C00697,V227 ,CAT05,2023-06-26,2025-04-10,699837.65,13016.85
C00698,V460,CAT10 ,2023-04-01,2025-10-08,814195.1,71570.57
C00699,V077,CAT08 ,2023-05-27,2025-07-27,517081.66,41317.67
C00700, V149,CAT06 ,2023-09-30,2024-08-24,851407.87,39016.07
C00701,V276 ,CAT10,2023-03-20,2025-02-01,417535.78,65379.23
C00702,V383,CAT09,2023-03-18,2025-10-30,937591.94,21011.88
C00703,V343,CAT04,2023-11-01,2025-11-04,826357.31,52713.41
C00704, V006,cat06,2023-06-16,2024-06-28,909003.93,24452.15
C00705,V200 ,cat01,2023-10-03,2024-06-29,968348.5,13054.57
C00706,V083,CAT03 ,2023-01-12,2024-11-07,592432.63,98337.57
C00707, V466,CAT04,2023-11-06,2024-11-01,615290.11,58260.49
C00708,V105 ,CAT07,2023-03-23,2025-11-23,433057.49,
C00709,v222,cat07,2023-12-22,2025-07-01,948200.74,82175.96
C00710,V032,CAT10,2023-12-25,2024-08-07,103807.25,47411.96
C00711,V287,CAT03,2023-10-21,2025-05-28,449638.43,77704.77
C00712,v460,CAT06 ,2023-06-12,2024-10-18,52783.57,26397.15
C00713,V494, CAT10,2023-04-03,2025-05-22,129032.22,60877.63
C00714,V213,CAT01,2023-02-19,2025-03-15,424781.53,6691.99
C00715,V107,CAT10,2023-04-04,2025-02-22,503777.54,91192.98
C00716,V013,CAT07,2023-01-06,2025-02-27,468313.47,23812.83
C00717,v192,cat05,2023-09-10,2025-01-10,360664.49,44745.28
C00718,V113,CAT06 ,2023-01-25,2025-01-02,121512.8,96771.89
C00719,V198, CAT06,2023-04-02,2025-06-22,870323.76,98310.34
C00720,V064,CAT10 ,2023-06-17,2025-11-24,169285.39,56961.18
C00721,V314,CAT08,2023-01-03,2025-06-24,580098.73,14262.06
C00722,V383,CAT03,2023-09-15,2024-08-28,742751.69,60280.92
C00723,V117, CAT01,2023-11-01,2025-05-01,641201.85,33582.84
C00724,V289,CAT03,2023-12-29,2024-09-25,478064.98,
C00725,V056, CAT07,2023-11-18,2025-11-07,599659.56,36573.59
C00726,V216,CAT06,2023-05-17,2025-08-04,137591.81,79701.1
C00727,V153,CAT01,2023-01-22,2025-04-22,343722.13,46366.74
C00728,V429,CAT10,2023-12-12,2025-03-01,243014.13,45946.44
C00729,v419,CAT09 ,2023-04-23,2025-10-16,367414.83,
C00730,V275, CAT09,2023-03-19,2025-05-09,77072.93,
C00731, V084,CAT08,2023-05-19,2025-06-24,67493.31,86374.03
C00732,V436,CAT09 ,2023-04-03,2024-06-28,417287.84,
C00733,V357,CAT03 ,2023-03-10,2024-12-16,367432.59,
C00734,v033,,2023-03-28,2024-10-18,446048.9,26893.03
C00735,V159,CAT03,2023-12-16,2024-12-21,491927.9,66821.62
C00736,V250,cat06,2023-10-31,2025-09-14,984553.05,36147.66
C00737,V399, CAT01,2023-12-11,2025-02-14,408725.0,43061.62
C00738,V496,CAT08,2023-11-25,2024-11-28,255980.56,18062.72
C00739,V393 , CAT10,2023-07-10,2024-06-05,841950.12,52068.64
C00740,V137,CAT06,2023-11-13,2025-11-14,233923.52,69705.79
C00741,v293,CAT01 ,2023-07-19,2024-07-02,543390.73,26385.5
C00742,V389,CAT10,2023-09-11,2025-02-12,843935.06,82024.8
C00743, V032,CAT08 ,2023-09-13,2025-02-14,769895.18,29382.37
C00744,V163 , CAT05,2023-03-15,2025-05-26,272667.56,99756.19
C00745,V287 ,CAT06 ,2023-01-19,2024-07-24,159702.78,92641.74
C00746, V263,cat10,2023-03-01,2025-02-06,381789.54,21788.98
C00747,V187 ,CAT03,2023-03-26,2025-02-12,708118.66,7205.35
C00748, V365,CAT09,2023-02-01,2025-04-02,969947.69,54882.9
C00749,V022 ,CAT09,2023-06-17,2025-02-28,425888.61,
C00750,V004,CAT07 ,2023-09-04,2024-06-17,483210.61,82017.53
C00751,v491, CAT01,2023-10-13,2025-06-26,523852.25,64837.92
C00752,V478,CAT09,2023-06-19,2025-11-07,859566.73,83311.05
C00753,V180,CAT04 ,2023-05-19,2025-06-27,761652.19,20407.18
C00754,V486,cat06,2023-08-05,2024-11-15,165787.59,44125.33
C00755,V279,CAT01 ,2023-04-17,2025-02-14,530678.56,66978.57
C00756, V096,CAT04,2023-01-05,2025-06-17,903479.57,83599.95
C00757,V446, CAT03,2023-12-14,2025-10-24,179967.31,33545.39
C00758,V393, CAT10,2023-08-08,2025-02-05,440144.61,55300.39
C00759,V017, CAT02,2023-03-10,2025-04-04,308318.76,34201.35
C00760,V276,CAT10,2023-10-09,2024-10-13,53013.36,97526.22
C00761,V221,CAT07,2023-05-26,2025-10-02,846872.2,87171.47
C00762,V500,CAT09 ,2023-10-06,2024-10-16,810794.73,24809.4
C00763,V467,CAT01,2023-08-04,2024-11-17,495170.53,72393.53
C00764, V054, CAT01,2023-05-07,2024-10-01,55311.3,69553.43
C00765,V219 ,cat05,2023-10-18,2024-06-18,725052.21,56641.67
C00766,V073,CAT05,2023-06-22,2025-07-07,69301.32,27079.69
C00767,v390,CAT01,2023-01-10,2025-10-22,450472.3,88536.02
C00768,V429,CAT07,2023-08-05,2025-02-02,765667.31,11130.27
C00769,V485,CAT01,2023-03-21,2024-08-16,741012.26,49516.78
C00770,V414,CAT01,2023-11-08,2024-08-16,347114.29,78267.78
C00771,V034,CAT09,2023-08-29,2024-10-02,80088.97,90033.82
C00772,v235,CAT03,2023-04-17,2025-11-20,540349.16,98080.01
C00773,V048 ,CAT08 ,2023-03-30,2024-08-08,128087.25,30683.26
C00774,V144,CAT05,2023-04-22,2024-10-10,740859.29,52092.16
C00775,V026 ,CAT06,2023-01-31,2025-01-11,533345.18,24072.97
C00776,V463,CAT04,2023-07-18,2025-06-15,660022.82,69332.0
C00777,V199,cat01,2023-02-09,2024-10-09,109568.98,32503.16
C00778,V464, CAT08,2023-01-22,2025-08-22,264419.34,37595.67
C00779,v491,CAT02,2023-05-18,2025-06-06,972220.27,39337.61
C00780,V018,CAT06,2023-08-31,2025-10-07,874820.23,72087.6
C00781,V058, CAT02,2023-05-16,2024-10-19,246672.64,46836.12
C00782,v302,CAT03,2023-05-08,2025-06-05,909060.54,84252.41
C00783,V405,CAT06,2023-10-09,2025-02-17,601303.42,18939.04
C00784,v020,cat10,2023-07-03,2025-03-26,285075.0,55368.78
C00785,v469,cat03,2023-05-06,2024-07-06,91304.6,69389.96
C00786,V496,CAT04,2023-04-17,2025-05-02,116746.55,17477.01
C00787,V356 ,cat04,2023-12-20,2024-11-19,861621.26,70249.66
C00788, V275,CAT06 ,2023-06-07,2024-10-02,224653.9,39314.61
C00789,V274,cat06,2023-01-20,2025-04-23,493705.24,95530.06
C00790,V257,CAT01,2023-06-23,2024-06-09,333542.72,67719.83
C00791,V256,CAT01,2023-05-06,2024-12-24,351194.33,
C00792,V212,cat03,2023-08-12,2024-09-23,457335.9,54414.93
C00793, V475,CAT03,2023-01-31,2025-06-20,771048.31,43865.35
C00794,V262,CAT05,2023-04-19,2025-04-09,871102.99,57066.31
C00795,v289,CAT01,2023-02-03,2024-10-15,56934.04,5829.0
C00796,V249,CAT07,2023-12-13,2024-09-21,938219.31,7659.36
C00797, V308,CAT02,2023-07-09,2025-03-14,304221.28,32166.8
C00798,V357 ,CAT08,2023-11-04,2025-08-13,637308.71,60172.27
C00799,V377 , CAT10,2023-09-25,2025-03-17,308276.24,
C00800,, CAT06,2023-11-03,2024-10-16,500440.2,12492.26
C00801,V190,CAT10 ,2023-09-06,2024-07-15,768315.45,24574.74
C00802,v096,CAT05,2023-10-28,2025-10-30,113953.86,23255.16
C00803,V348, CAT01,2023-10-03,2024-07-03,97663.39,
C00804,V307,CAT02,2023-11-02,2024-07-26,820770.18,79470.54
C00805, V231,CAT08,2023-08-13,2025-06-18,429459.49,40619.47
C00806,V247 ,cat07,2023-07-05,2024-09-24,228569.06,17269.73
C00807,V354 ,CAT01,2023-02-12,2024-12-12,231275.96,
C00808,v151,CAT06 ,2023-12-05,2025-01-26,642067.68,95303.52
C00809, V443,CAT01,2023-11-29,2024-06-23,283247.68,22261.07
C00810, V446, CAT04,2023-02-24,2025-02-13,844913.63,31220.65
C00811,V286,CAT03,2023-11-25,2025-04-23,398268.66,85472.3
C00812, V416,CAT07,2023-09-12,2024-09-27,538968.92,52423.66
C00813,V336, CAT05,2023-01-20,2025-08-21,491819.27,
C00814,V021,CAT08,2023-05-30,2025-08-10,546076.81,6018.03
C00815,V309,CAT03 ,2023-02-18,2025-01-13,771423.33,76438.29
C00816,V192,CAT02,2023-10-07,2024-09-04,203202.46,79573.36
C00817,V429,CAT05,2023-02-17,2024-09-04,84551.36,39552.1
C00818,v240,CAT04 ,2023-01-18,2025-09-15,108832.5,74170.9
C00819,V065,CAT08,2023-06-25,2025-07-21,398396.51,24949.23
C00820,V397,cat09,2023-12-20,2025-04-10,793868.42,95587.69
C00821,V287 ,CAT02,2023-02-01,2025-08-16,870141.2,45450.27
C00822,V446,CAT07 ,2023-01-21,2024-08-04,692322.49,32424.37
C00823,V337,CAT10,2023-12-18,2024-12-31,998227.15,70844.09
C00824,V431,CAT06,2023-03-03,2024-12-14,242678.31,
C00825,V038,CAT09,2023-09-02,2024-07-12,852776.62,74640.87
C00826,v184,CAT02,2023-11-04,2025-01-18,223771.1,99201.97
C00827,V167,CAT09,2023-12-21,2025-01-26,128896.16,49221.42
C00828,V407,CAT10 ,2023-11-20,2025-11-01,136110.55,82978.54
C00829,V488,CAT03,2023-12-15,2025-07-01,914373.04,25918.02
C00830,V004 ,CAT05,2023-12-12,2025-08-17,820830.44,63532.88
C00831,V400,CAT07 ,2023-12-07,2025-01-14,793996.41,27921.59
C00832, V196,CAT07 ,2023-07-02,2025-05-08,915903.73,86564.71
C00833,V152 ,CAT05,2023-05-20,2025-09-15,854821.49,96461.2
C00834,V294,cat01,2023-07-25,2024-12-29,711546.25,19114.5
C00835,V103,CAT06,2023-10-16,2025-05-15,239563.34,11029.72
C00836,V101,CAT02 ,2023-07-07,2024-06-08,559742.04,50417.45
C00837,V119, CAT05,2023-07-21,2025-03-08,241299.31,5455.47
C00838,V130,cat02,2023-12-22,2025-10-17,338127.13,21769.29
C00839,V380,CAT04 ,2023-03-08,2024-08-20,476171.21,74118.51
C00840,V392 ,CAT04,2023-03-27,2025-09-13,502131.97,50205.19
C00841,V384,CAT05,2023-04-30,2024-12-02,250556.93,
C00842,V051,CAT08,2023-05-17,2025-02-16,886302.57,86445.6
C00843,V051,CAT07,2023-10-06,2025-06-17,893930.26,21788.75
C00844,V065 ,CAT03,2023-01-25,2024-09-23,417283.31,
C00845,V260,CAT05,2023-04-15,2024-10-07,741724.2,70523.13
C00846,V242 ,CAT02,2023-09-07,2024-07-03,151651.73,78748.51
C00847,V342,CAT07 ,2023-10-31,2025-03-23,526832.42,79309.66
C00848,V148,CAT10,2023-10-05,2025-09-10,128428.5,
C00849,V172,CAT08 ,2023-03-02,2024-09-15,360468.42,
C00850,V105, CAT07,2023-09-19,2024-10-20,193178.95,
C00851, V375,CAT04,2023-12-10,2025-03-28,144627.74,
C00852,V225,CAT04 ,2023-08-07,2024-10-24,576831.37,39163.99
C00853,V210 ,cat06,2023-03-30,2024-12-15,741318.21,57100.52
C00854,V326, CAT02,2023-10-06,2025-09-06,497243.21,53736.09
C00855,V495,CAT06 ,2023-10-30,2025-11-21,775283.08,49879.48
C00856,V407,,2023-06-01,2025-03-08,974806.87,86702.27
C00857,V011, CAT01,2023-02-02,2025-06-01,371328.52,54932.39
C00858,V259,CAT03 ,2023-02-14,2024-10-26,880722.92,60241.89
C00859,V063,cat05,2023-08-12,2025-01-01,101616.58,31121.5
C00860,V023,CAT09,2023-07-25,2024-12-14,353302.86,50098.66
C00861,V470 , CAT06,2023-08-11,2025-07-16,545515.66,91576.5
C00862, V107,CAT01,2023-03-23,2024-08-02,362927.23,88249.82
C00863,V092,cat10,2023-05-08,2025-09-29,68403.14,62369.31
C00864, V297,CAT06 ,2023-08-19,2025-01-22,91340.52,9307.58
C00865,V242,CAT09,2023-06-07,2025-02-14,944148.1,23860.4
C00866,V294 , CAT02,2023-07-28,2025-06-11,993778.77,69645.06
C00867,v285,cat01,2023-08-27,2025-02-14,380439.98,30512.29
C00868,v144,CAT05,2023-11-24,2025-04-08,846229.42,97320.12
C00869,V107,CAT03,2023-02-05,2025-10-24,202788.92,6677.69
C00870,V403,CAT03 ,2023-07-22,2024-12-28,673702.35,90685.97
C00871,V406,cat08,2023-04-26,2024-11-06,789989.15,82107.99
C00872,V348,CAT08,2023-02-20,2024-09-21,116127.15,24865.36
C00873, V090,CAT09,2023-02-23,2025-02-17,988067.08,47892.73
C00874, V419, CAT10,2023-12-07,2025-07-07,842626.28,10411.69
C00875,V016, CAT04,2023-04-29,2024-08-13,714790.86,17686.64
C00876,V488,CAT01 ,2023-01-12,2025-11-26,985168.99,91798.91
C00877,V026, CAT05,2023-05-01,2024-07-12,752101.57,52823.76
C00878,V423,CAT07,2023-01-29,2025-01-26,436537.94,
C00879,V045,CAT06,2023-05-05,2024-06-06,481353.33,40563.05
C00880, V317,cat02,2023-03-31,2025-02-22,798027.63,
C00881, V490,CAT02 ,2023-11-27,2025-06-15,392282.55,61033.55
C00882,V055 ,cat08,2023-08-14,2024-07-13,494462.96,51119.14
C00883,V420,CAT06,2023-02-24,2024-11-05,813962.44,6710.48
C00884, V346,CAT03,2023-11-20,2025-11-01,136553.52,43205.96
C00885,V427,cat10,2023-11-09,2024-06-16,750333.03,61273.57
C00886, V403,,2023-06-22,2025-04-08,130522.03,85496.58
C00887, V347,CAT07 ,2023-11-05,2024-12-19,888160.42,30121.49
C00888,V420 ,CAT04,2023-02-07,2024-12-02,853176.23,52375.36
C00889,V053, CAT04,2023-08-21,2025-11-19,583067.96,41956.79
C00890,v426,cat09,2023-09-26,2025-12-06,391076.19,57965.62
C00891,V279,CAT02,2023-08-06,2024-10-20,698188.8,86264.19
C00892,V076 ,CAT09,2023-05-14,2025-10-25,879773.42,88442.18
C00893,V438 ,CAT09,2023-04-26,2025-03-03,162848.04,67617.39
C00894,V233,CAT07,2023-02-23,2025-05-18,393153.6,93730.82
C00895,v285,CAT01,2023-04-14,2025-08-30,845625.14,92175.17
C00896,V084,CAT10 ,2023-06-21,2025-05-23,126328.86,
C00897,V391,CAT04,2023-09-18,2024-12-09,92745.24,61907.06
C00898, V144,CAT10,2023-05-18,2025-11-23,290364.62,67488.48
C00899,v095,cat01,2023-02-09,2025-04-28,654886.29,59249.58
C00900,V300,CAT10,2023-11-01,2025-09-29,369909.66,74034.11
C00901,V495,CAT02,2023-01-26,2024-06-18,718377.81,
C00902,V079,CAT10,2023-01-27,2025-03-25,969158.24,24644.27
C00903, V426,CAT04,2023-12-07,2025-04-23,318705.54,52707.81
C00904,V313,CAT06,2023-09-24,2024-08-18,496227.35,35785.29
C00905, V296, CAT02,2023-08-29,2025-06-14,470316.64,58134.23
C00906,V219,CAT06,2023-10-30,2025-01-25,581129.59,
C00907,V425,CAT04,2023-09-13,2025-09-26,474002.82,33212.73
C00908,V497,cat07,2023-10-10,2024-08-23,943933.56,92774.74
C00909,v231,CAT05,2023-11-25,2025-01-18,122966.38,49865.08
C00910, V469,cat09,2023-10-15,2025-10-30,813221.79,24054.45
C00911,V078,CAT08,2023-12-28,2024-10-08,729352.28,33531.05
C00912,V377,CAT01,2023-04-02,2025-12-03,866247.07,15216.06
C00913,V086,CAT09,2023-04-23,2024-06-07,155269.45,55545.6
C00914,V444, CAT02,2023-03-06,2024-09-21,136846.57,48984.8
C00915,V124,CAT05 ,2023-07-13,2024-08-08,913070.43,7051.9
C00916, V423,CAT10,2023-02-18,2024-12-21,257131.9,80716.86
C00917,V438,CAT03,2023-08-31,2025-12-24,450170.0,94320.88
C00918,V139, CAT09,2023-01-03,2024-09-10,991265.47,35196.29
C00919,V005,CAT06,2023-08-12,2025-09-29,401003.97,22736.1
C00920,V203,CAT02,2023-08-30,2025-09-16,330394.33,
C00921,V169 ,CAT02,2023-06-15,2024-12-20,894703.35,77979.64
C00922,V377 ,CAT02,2023-08-09,2024-08-22,610421.23,22328.54
C00923, V423,CAT10,2023-07-07,2025-06-07,842565.03,
C00924,V151,CAT07,2023-05-25,2025-05-29,126986.08,24626.31
C00925, V047,cat09,2023-02-16,2024-09-28,835030.5,73271.94
C00926,V321 ,CAT01 ,2023-04-20,2024-07-04,901789.15,84774.96
C00927,V331,CAT02 ,2023-05-17,2024-07-27,249952.13,84831.13
C00928,V259,CAT03,2023-10-05,2024-06-18,756768.32,51432.19
C00929,V025, CAT03,2023-03-06,2024-09-14,770400.77,8967.23
C00930,V173,CAT09,2023-12-12,2025-11-25,487024.15,
C00931,v253,CAT07,2023-04-04,2025-07-28,68907.67,79222.83
C00932,V349,CAT08,2023-12-17,2025-06-08,333716.74,47926.69
C00933,V377, CAT01,2023-09-18,2025-06-26,929925.36,18364.47
C00934,V134,cat03,2023-05-01,2025-06-06,609483.94,84741.07
C00935,v404,CAT04,2023-12-03,2025-07-20,856309.75,48430.85
C00936,V010,CAT10,2023-09-13,2025-07-10,70458.09,20144.22
C00937,v205,cat02,2023-04-06,2025-02-21,921907.95,10944.33
C00938, V305, CAT01,2023-02-17,2024-11-06,762342.14,97008.03
C00939,v362,CAT08,2023-02-25,2025-11-23,141535.22,6318.17
C00940,V172,CAT06,2023-09-04,2025-06-25,920508.23,42968.23
C00941,v050,CAT03,2023-07-15,2024-08-03,472538.79,61989.96
C00942,V193,CAT10,2023-09-30,2025-02-24,106467.78,42076.03
C00943, V010,CAT08,2023-01-05,2025-08-10,787978.53,46279.19
C00944,V458 ,CAT01,2023-10-26,2025-03-06,990821.66,76375.12
C00945,V099,CAT04,2023-04-06,2024-07-05,910789.7,28666.22
C00946,v073,CAT03 ,2023-03-29,2024-06-30,263672.57,8866.76
C00947,V028,CAT03,2023-09-17,2025-11-15,692114.25,37910.98
C00948,V233, CAT02,2023-07-16,2024-10-01,334946.36,60078.77
C00949,V075, CAT03,2024-01-01,2025-08-29,920995.62,
C00950,V074, CAT08,2023-03-30,2025-08-06,837556.08,71318.17
C00951,V492 ,CAT02,2023-03-12,2024-09-18,828677.83,68395.73
C00952,v204,CAT10 ,2023-03-02,2024-10-07,936419.85,6526.09
C00953,V085 ,cat02,2023-10-15,2024-09-14,350006.11,99227.19
C00954,V460,CAT02,2023-09-13,2025-03-29,290278.84,84724.0
C00955,v315,cat06,2023-09-17,2024-07-03,335714.57,84259.27
C00956,v371,cat05,2023-05-24,2024-10-16,77758.27,82300.34
C00957,V087 ,CAT06 ,2023-03-20,2025-04-13,277749.66,40726.83
C00958,V134,CAT03,2023-12-23,2025-09-11,275341.16,36790.11
C00959,V153 , CAT06,2023-02-12,2024-09-03,401097.76,57851.58
C00960,V255,CAT02,2023-03-25,2025-02-13,292131.53,51680.51
C00961,V057,CAT08,2023-09-21,2025-09-27,447972.79,14121.69
C00962, V404,CAT06 ,2023-10-06,2024-12-16,320085.71,92926.16
C00963,V050,CAT01,2023-11-05,2025-03-30,813832.08,91188.52
C00964,V307,CAT06,2023-04-27,2025-03-11,109183.47,76401.7
C00965,V265, CAT02,2023-04-09,2025-04-30,334762.95,22883.88
C00966, V243,CAT09,2023-01-16,2024-06-27,85813.33,45307.15
C00967,v271,cat04,2023-12-07,2024-12-23,220708.25,
C00968,V226 ,cat09,2023-03-05,2025-08-14,572877.71,78089.05
C00969, V426,CAT02 ,2023-09-11,2025-02-15,142508.57,85060.88
C00970,V047, CAT04,2023-08-24,2025-09-28,286459.55,92908.4
C00971,v172,CAT03,2023-07-01,2025-10-28,496284.31,52011.42
C00972,V374,CAT05,2023-01-07,2025-08-12,468104.85,31999.15
C00973,V107 ,CAT04,2023-02-11,2025-06-30,944971.62,63093.23
C00974, V110,CAT10,2023-10-27,2024-09-29,57200.27,7327.7
C00975, V334,cat05,2023-07-25,2024-08-03,343907.55,
C00976,V090,CAT03,2023-03-19,2025-02-15,133537.57,65233.53
C00977,V352,CAT03,2023-08-23,2024-09-10,197739.79,44397.63
C00978,V176 ,CAT04,2023-05-20,2025-02-27,789387.05,87306.57
C00979,v052,CAT10 ,2023-01-13,2024-08-06,944153.16,78439.33
C00980,V461,cat02,2023-07-20,2024-07-01,539987.23,99272.25
C00981,V423,cat08,2023-07-04,2025-03-03,772681.25,20193.67
C00982, V148,CAT09,2023-01-30,2025-02-11,898325.24,53110.95
C00983,V376, CAT04,2023-02-11,2025-04-01,859111.33,79629.51
C00984,v105,CAT04 ,2023-07-09,2025-07-20,851911.2,35937.34
C00985,V270,CAT08 ,2023-10-14,2024-12-24,639154.74,39662.26
C00986,,cat07,2023-02-12,2024-11-21,50129.86,10219.0
C00987,V178 ,cat03,2023-12-15,2025-12-21,225565.06,63897.87
C00988,V407 ,CAT01,2023-07-05,2024-10-02,464525.71,
C00989,V350,cat03,2023-08-17,2025-04-30,387272.97,93405.4
C00990,V284,CAT07,2023-08-06,2025-08-15,489939.66,80609.9
C00991,V486,CAT09,2023-02-02,2024-10-06,183647.74,63911.42
C00992,V135 ,CAT03,2023-03-28,2025-03-04,605403.49,26872.3
C00993, V133,CAT07,2023-09-18,2024-11-10,884740.18,32197.31
C00994,v004,CAT04,2023-03-20,2024-11-05,225948.53,36601.86
C00995,V049 ,cat01,2023-01-01,2024-11-26,62488.42,86955.14
C00996,V133,cat03,2023-03-01,2024-07-18,929822.68,56328.66
C00997,v283,cat05,2023-11-03,2025-09-16,744333.31,54634.69
C00998,V306 ,CAT10,2023-11-09,2025-11-14,621813.03,38945.04
C00999,V499,CAT10,2023-06-30,2025-07-30,216171.72,71642.93
C01000,V384, CAT02,2023-01-04,2025-03-30,237666.14,98360.49
